Klant Id,Voornaam,Achternaam,Sekse,Emailadres,Geboortedatum
5f10e9D33fC5f2b,Sara,Mcguire,Female,tsharp@example.net,1921-08-17
751cD1cbF77e005,Alisha,Hebert,Male,vincentgarrett@example.net,1969-06-28
DcEFDB2D2e62bF9,Gwendolyn,Sheppard,Male,mercadojonathan@example.com,1915-09-25
C88661E02EEDA9e,Kristine,Mccann,Female,lindsay55@example.com,1978-07-27
fafF1aBDebaB2a6,Bobby,Pittman,Female,blevinsmorgan@example.com,1989-11-17
BdDb6C8Af309202,Calvin,Ramsey,Female,loretta85@example.com,2017-08-31
356279dAa0F7CbD,Nicholas,Branch,Male,greerjimmy@example.net,2006-01-21
F563CcbFBfEcf5a,Emma,Robinson,Female,charleshiggins@example.org,2009-03-19
f2dceFc00F62542,Pedro,Cordova,Male,leslie08@example.com,2008-06-17
FEf0Cc496EB4bC0,Jean,Aguilar,Male,raymond24@example.org,1978-10-28
Af087410aB0c186,Dwayne,Hutchinson,Female,preston28@example.net,1914-06-22
057EE455E68fe9E,Bradley,Velazquez,Male,joycejay@example.net,1906-12-23
BEA2b99B1efBFAA,Samantha,Moon,Male,wesleymullins@example.net,1978-06-21
33730caFF13Ff4F,Clayton,Erickson,Male,nterry@example.net,1959-02-07
Fec6b46586ad5ab,Bradley,Bright,Female,devinherman@example.net,1992-01-27
d8CF9ED8c6E5b0b,Ernest,Maynard,Male,tommywoodard@example.com,2017-11-23
b82C14f184d0cf6,Joe,Larsen,Female,brianna43@example.org,2009-06-18
F8E52fAaA87Cb2D,Alfred,Barrera,Female,kristina40@example.net,1924-11-13
aaB0b03cFED1CeE,Jon,Wagner,Female,meagan99@example.org,1934-01-06
983Dd56BB6Bbddb,Marco,Sharp,Male,cmcclure@example.net,1944-04-09
Ccee761Bfb157db,Jermaine,Liu,Male,tristanpatterson@example.net,1913-09-20
F0e6bBAfFAeE76E,Cindy,Haynes,Female,sonyamoyer@example.net,2020-12-17
f628DfBb03CBD1F,Meghan,Blanchard,Male,smejia@example.org,1927-08-24
39Aded2dba9D2dA,Julie,Delacruz,Male,jillian34@example.net,1941-04-10